Name,Price,Sold,Date_Crawl,Link_Item
TARONO √Åo Polo nam c·ªï b·∫ª v·∫£i x·ªãn fullbox, tr·∫ª trung, thanh l·ªãch - GUCATIN TR02,245.000,ƒê√£ b√°n 40,2022-11-25,https://shopee.vn/%C3%81o-Polo-nam-c%C3%B3-c%E1%BB%95-KENJI-v%E1%BA%A3i-c%C3%A1-s%E1%BA%A5u-cotton-UNI-nam-t%C3%ADnh-thanh-l%E1%BB%8Bch-sang-tr%E1%BB%8Dng-POLOMANOR-i.225909574.22905661577?sp_atk=17f0c743-c1eb-4dbf-b442-78760e16320d&xptdk=17f0c743-c1eb-4dbf-b442-78760e16320d
√Åo Polo nam c√≥ c·ªï KENJI v·∫£i c√° s·∫•u cotton UNI, nam t√≠nh, thanh l·ªãch, sang tr·ªçng - POLOMANOR,299.000,ƒê√£ b√°n 14,2022-11-25,https://shopee.vn/%C3%81o-thun-nam-%C3%A1o-ph%C3%B4ng-nam-tay-ng%E1%BA%AFn-c%E1%BB%95-tr%C3%B2n-ch%E1%BA%A5t-thun-cotton-co-gi%C3%A3n-4-chi%E1%BB%81u-h%C3%ACnh-N-alex-cool-i.84435880.12244887119?sp_atk=497555a0-ef76-40e4-baee-deff217b11b3&xptdk=497555a0-ef76-40e4-baee-deff217b11b3
√Åo thun nam, √°o ph√¥ng nam tay ng·∫Øn c·ªï tr√≤n ch·∫•t thun cotton co gi√£n 4 chi·ªÅu h√¨nh N alex cool,55.000,ƒê√£ b√°n 829,2022-11-25,https://shopee.vn/-M%C3%A3-BMINC50-%C3%81o-Polo-nam-c%C3%B3-c%E1%BB%95-BASIC-SYD-v%E1%BA%A3i-c%C3%A1-s%E1%BA%A5u-cotton-Pique-v%C3%A2n-h%E1%BA%A1t-g%E1%BA%A1o-nam-t%C3%ADnh-ch%E1%BB%89n-chu-sang-tr%E1%BB%8Dng-HG07-i.109549433.21128938791?sp_atk=3bacb10f-3338-4ff7-b1ad-a8103507e1d1&xptdk=3bacb10f-3338-4ff7-b1ad-a8103507e1d1
[M√£ BMINC50] √Åo Polo nam c√≥ c·ªï BASIC SYD v·∫£i c√° s·∫•u cotton Pique v√¢n h·∫°t g·∫°o, nam t√≠nh, ch·ªân chu, sang tr·ªçng HG07,199.000,ƒê√£ b√°n 84,2022-11-25,https://shopee.vn/%C3%81o-thun-POLO-nam-c%E1%BB%95-b%E1%BA%BB-BASIC-CVC-v%E1%BA%A3i-c%C3%A1-s%E1%BA%A5u-Cotton-kh%C3%A1ng-khu%E1%BA%A9n-ch%E1%BB%91ng-nh%C4%83n-tho%C3%A1ng-m%C3%A1t-PAULO-i.419962484.14439413312?sp_atk=3a997fa9-2a31-4c46-bc63-4f36ac2437d5&xptdk=3a997fa9-2a31-4c46-bc63-4f36ac2437d5
√Åo thun POLO nam c·ªï b·∫ª BASIC CVC v·∫£i c√° s·∫•u Cotton kh√°ng khu·∫©n, ch·ªëng nhƒÉn, tho√°ng m√°t - PAULO,175.000,ƒê√£ b√°n 562,2022-11-25,https://shopee.vn/%C3%81O-THUN-NAM-NG%E1%BA%AEN-TAY-C%E1%BB%94-B%E1%BA%BA-M%E1%BA%AAU-M%E1%BB%9AI-NHI%E1%BB%80U-M%C3%80U-i.19337723.1340396495?sp_atk=f2d53b72-0daa-44a3-8561-6e32f5de573e&xptdk=f2d53b72-0daa-44a3-8561-6e32f5de573e
√ÅO THUN NAM NG·∫ÆN TAY C·ªî B·∫∫ M·∫™U M·ªöI NHI·ªÄU M√ÄU,75.000,ƒê√£ b√°n 67,7k,2022-11-25,https://shopee.vn/%C3%81o-Polo-nam-c%E1%BB%95-b%E1%BA%BB-ph%E1%BB%91i-m%C3%A0u-ch%E1%BB%AF-M-v%E1%BA%A3i-c%C3%A1-s%E1%BA%A5u-Cotton-xu%E1%BA%A5t-x%E1%BB%8Bn-chu%E1%BA%A9n-form-sang-tr%E1%BB%8Dng-l%E1%BB%8Bch-l%C3%A3m-m%C3%A0u-H%C3%A0ng-Xu%E1%BA%A5t-Kh%E1%BA%A9u-i.296356646.4762261028?sp_atk=4e109f3e-660f-4e05-a0bd-16ce3ddee039&xptdk=4e109f3e-660f-4e05-a0bd-16ce3ddee039
√Åo Polo nam c·ªï b·∫ª ph·ªëi m√†u ch·ªØ M v·∫£i c√° s·∫•u Cotton xu·∫•t x·ªãn,chu·∫©n form,sang tr·ªçng-l·ªãch l√£m m√†u -H√†ng Xu·∫•t Kh·∫©u,79.000,ƒê√£ b√°n 132,2022-11-25,https://shopee.vn/%C3%81o-polo-nam-tr%C6%A1n-cao-c%E1%BA%A5p-tay-l%E1%BB%A1-%C4%91%E1%BA%B9p-HL08-i.454791778.5794926273?sp_atk=eb1948a2-c634-44d4-814c-30e27d26edc8&xptdk=eb1948a2-c634-44d4-814c-30e27d26edc8
√Åo polo nam tr∆°n cao c·∫•p tay l·ª° ƒë·∫πp HL08,159.000,ƒê√£ b√°n 66,2022-11-25,https://shopee.vn/-Free-Ship-%C3%81o-polo-nam-phong-c%C3%A1ch-H%C3%A0n-ch%E1%BA%A5t-li%E1%BB%87u-gai-c%C3%A1-s%E1%BA%A5u-i.84435880.4836782344?sp_atk=ed34bc67-4bbf-48f3-a210-a826ee22a1f7&xptdk=ed34bc67-4bbf-48f3-a210-a826ee22a1f7
[Free Ship] √Åo polo nam phong c√°ch H√†n - ch·∫•t li·ªáu gai c√° s·∫•u,79.980,ƒê√£ b√°n 177,2022-11-25,https://shopee.vn/(PL07)-%C3%81o-polo-nam-3-m%C3%A0u-ph%E1%BB%91i-tay-c%E1%BB%95-vi%E1%BB%81n-s%E1%BB%8Dc-n%C3%BAt-si%C3%AAu-%C4%91%E1%BA%B9p-%C3%A1o-nam-c%E1%BB%95-b%E1%BA%BB-i.184241297.21037289422?sp_atk=3ff45fb6-9c93-4f68-ad4b-b81b57248cf5&xptdk=3ff45fb6-9c93-4f68-ad4b-b81b57248cf5
(PL07) √Åo polo nam 3 m√†u ph·ªëi tay,c·ªï,vi·ªÅn s·ªçc n√∫t si√™u ƒë·∫πp,√°o nam c·ªï b·∫ª,81.000,ƒê√£ b√°n 105,2022-11-25,https://shopee.vn/-SALE-OFF-%C3%81o-thun-POLO-nam-v%E1%BA%A3i-c%C3%A1-s%E1%BA%A5u-CVC-cao-c%E1%BA%A5p-tay-ng%E1%BA%AFn-l%E1%BB%8Bch-s%E1%BB%B1-POLOS-i.53130592.15392000204?sp_atk=87ff7672-8383-4908-adf4-cf6703bac0f8&xptdk=87ff7672-8383-4908-adf4-cf6703bac0f8
[SALE OFF ] - √Åo thun POLO nam v·∫£i c√° s·∫•u CVC cao c·∫•p tay ng·∫Øn l·ªãch s·ª± POLOS,83.000,ƒê√£ b√°n 136,2022-11-25,https://shopee.vn/%C3%81o-Thun-Nam-C%C3%B3-C%E1%BB%95-VNXK-Ch%E1%BA%A5t-%C4%90%E1%BA%B9p-Nhi%E1%BB%81u-M%E1%BA%ABu-i.94029005.1799379738?sp_atk=b6267380-e753-4d1d-a386-389638974957&xptdk=b6267380-e753-4d1d-a386-389638974957
√Åo Thun Nam C√≥ C·ªï VNXK Ch·∫•t ƒê·∫πp Nhi·ªÅu M·∫´u,84.000,ƒê√£ b√°n 128,2022-11-25,https://shopee.vn/%C3%81o-Polo-Nam-ATINO-thanh-l%E1%BB%8Bch-v%E1%BA%A3i-c%C3%A1-s%E1%BA%A5u-Cotton-cao-c%E1%BA%A5p-tho%C3%A1ng-m%C3%A1t-tr%E1%BA%BB-trung-chu%E1%BA%A9n-form-regular-PL11.3009-i.439115986.11216330240?sp_atk=4832f79a-db1d-4cf3-a3a2-1a28c6e3a03f&xptdk=4832f79a-db1d-4cf3-a3a2-1a28c6e3a03f
√Åo Polo Nam ATINO thanh l·ªãch v·∫£i c√° s·∫•u Cotton cao c·∫•p tho√°ng m√°t tr·∫ª trung chu·∫©n form regular PL11.3009,84.500,ƒê√£ b√°n 4,9k,2022-11-25,https://shopee.vn/%C3%81o-Polo-nam-c%E1%BB%95-b%E1%BA%BB-ph%E1%BB%91i-v%E1%BA%A3i-c%C3%A1-s%E1%BA%A5u-Cotton-xu%E1%BA%A5t-x%E1%BB%8Bn-chu%E1%BA%A9n-form-sang-tr%E1%BB%8Dng-l%E1%BB%8Bch-l%C3%A3m-ELEGANT-TR%E1%BA%AENG-A1-i.410265016.5983576453?sp_atk=c0cc1f0c-57a3-4bd9-8daa-e0ecd500db56&xptdk=c0cc1f0c-57a3-4bd9-8daa-e0ecd500db56
√Åo Polo nam c·ªï b·∫ª ph·ªëi v·∫£i c√° s·∫•u Cotton xu·∫•t x·ªãn,chu·∫©n form,sang tr·ªçng-l·ªãch l√£m ELEGANT TR·∫ÆNG A1,85.000,ƒê√£ b√°n 35,2022-11-25,https://shopee.vn/%C3%81O-POLO-NAM-C%E1%BB%94-B%E1%BA%BA-V%E1%BA%A2I-COTTON-C%C3%81-S%E1%BA%A4U-BAO-%C4%90%E1%BA%B8P-FORM-%C3%81O-L%C3%8AN-NAM-T%C3%8DNH-V%E1%BB%9AI-3-M%C3%80U-C%C6%A0-B%E1%BA%A2N-i.457729585.10408654623?sp_atk=96d3e321-f57e-4243-9bde-55134e161fcd&xptdk=96d3e321-f57e-4243-9bde-55134e161fcd
√ÅO POLO NAM C·ªî B·∫∫ - V·∫¢I COTTON C√Å S·∫§U BAO ƒê·∫∏P - FORM √ÅO L√äN NAM T√çNH V·ªöI 3 M√ÄU C∆† B·∫¢N,85.000,ƒê√£ b√°n 53,2022-11-25,https://shopee.vn/%C3%81o-Thun-Nam-C%C3%B3-C%E1%BB%95-V%E1%BA%A3i-C%C3%A1-S%E1%BA%A5u-Gai-m%E1%BB%81m-AV111-Vi%E1%BB%81n-D%E1%BB%87t-S%E1%BA%AFc-N%C3%A9t-2022-.-i.57737923.19739351439?sp_atk=a183a0b4-15a8-4405-aad3-ad1a0389865e&xptdk=a183a0b4-15a8-4405-aad3-ad1a0389865e
√Åo Thun Nam C√≥ C·ªï V·∫£i C√° S·∫•u Gai m·ªÅm AV111 Vi·ªÅn D·ªát S·∫Øc N√©t 2022 .,85.500,ƒê√£ b√°n 88,2022-11-25,https://shopee.vn/%C3%81o-Polo-Thun-Tr%C6%A1n-Ca%CC%81-S%C3%A2%CC%81u-Ch%E1%BA%A5t-V%E1%BA%A3i-Cotton-35-65-D%C3%A0y-Basic-Unisex-Nam-N%E1%BB%AF-Cao-C%E1%BA%A5p-Tho%C3%A1ng-M%C3%A1t-Form-%C4%90%E1%BA%B9p-La-mode-i.178470291.6234786007?sp_atk=618621fa-3429-4405-8a78-556489afa41d&xptdk=618621fa-3429-4405-8a78-556489afa41d
√Åo Polo Thun Tr∆°n CaÃÅ S√¢ÃÅu Ch·∫•t V·∫£i Cotton 35/65 D√†y Basic Unisex Nam N·ªØ Cao C·∫•p Tho√°ng M√°t Form ƒê·∫πp - La mode,86.000,ƒê√£ b√°n 3,8k,2022-11-25,https://shopee.vn/%C3%81O-POLO-NAM-C%E1%BB%94-B%E1%BA%BA-V%E1%BA%A2I-COTTON-C%C3%81-S%E1%BA%A4U-BAO-%C4%90%E1%BA%B8P-FORM-%C3%81O-L%C3%8AN-NAM-T%C3%8DNH-V%E1%BB%9AI-3-M%C3%80U-%C6%AFA-CHU%E1%BB%98NG-i.436777764.11701992038?sp_atk=b9cb2a16-e71d-4481-8bbb-418b1cf054b9&xptdk=b9cb2a16-e71d-4481-8bbb-418b1cf054b9
√ÅO POLO NAM C·ªî B·∫∫ - V·∫¢I COTTON C√Å S·∫§U BAO ƒê·∫∏P - FORM √ÅO L√äN NAM T√çNH V·ªöI 3 M√ÄU ∆ØA CHU·ªòNG,53.000,ƒê√£ b√°n 4,1k,2022-11-25,https://shopee.vn/%C3%81o-Polo-Nam-c%E1%BB%95-b%E1%BA%BB-TSIMPLE-thun-basic-c%E1%BB%99c-tay-v%E1%BA%A3i-c%C3%A1-s%E1%BA%A5u-cotton-phong-c%C3%A1ch-tr%E1%BA%BB-trung-chu%E1%BA%A9n-form-nhi%E1%BB%81u-m%C3%A0u-i.168678363.2649398631?sp_atk=57d6e857-4d9d-4fc5-906f-509735c2aec4&xptdk=57d6e857-4d9d-4fc5-906f-509735c2aec4
√Åo Polo Nam c·ªï b·∫ª TSIMPLE thun basic c·ªôc tay v·∫£i c√° s·∫•u cotton phong c√°ch tr·∫ª trung chu·∫©n form nhi·ªÅu m√†u,85.000,ƒê√£ b√°n 83,7k,2022-11-25,https://shopee.vn/A%C3%B3-polo-thom-nam-n%E1%BB%AF-v%E1%BA%A1ch-tay-cao-c%E1%BA%A5p-v%E1%BA%A3i-c%C3%A1-s%E1%BA%A5u-cotton-phong-c%C3%A1ch-tr%E1%BA%BB-trung-i.33435563.14560630458?sp_atk=4ec6258c-9da6-49d4-934f-f6cbb7ccd905&xptdk=4ec6258c-9da6-49d4-934f-f6cbb7ccd905
A√≥ polo thom nam n·ªØ v·∫°ch tay cao c·∫•p v·∫£i c√° s·∫•u cotton phong c√°ch tr·∫ª trung,89.000,ƒê√£ b√°n 9,8k,2022-11-25,https://shopee.vn/%C3%81o-thun-polo-nam-tr%C6%A1n-c%E1%BB%95-b%E1%BA%BB-v%E1%BA%A3i-Cotton-cao-c%E1%BA%A5p-co-gi%C3%A3n-th%E1%BA%A5m-h%C3%BAt-m%E1%BB%93-h%C3%B4i-h%C3%A0ng-ch%E1%BA%A5t-l%C6%B0%E1%BB%A3ng-lo%E1%BA%A1i-1-i.54213182.12876236629?sp_atk=41621085-65c7-439d-8503-bcc8cbd1829f&xptdk=41621085-65c7-439d-8503-bcc8cbd1829f
√Åo thun polo nam tr∆°n c·ªï b·∫ª v·∫£i Cotton cao c·∫•p co gi√£n, th·∫•m h√∫t m·ªì h√¥i h√†ng ch·∫•t l∆∞·ª£ng lo·∫°i 1,89.000,ƒê√£ b√°n 222,2022-11-25,https://shopee.vn/%C3%81o-Thun-Polo-Nam-C%E1%BB%95-B%E1%BA%BB-Ch%E1%BA%A5t-v%E1%BA%A3i-C%C3%A1-S%E1%BA%A5u-Cotton-cao-c%E1%BA%A5p-chu%E1%BA%A9n-form-%E2%80%93-MIKASHOP-i.226815246.15461160249?sp_atk=4a307569-519c-4ecc-9629-b6e2abc4fcec&xptdk=4a307569-519c-4ecc-9629-b6e2abc4fcec
√Åo Thun Polo Nam C·ªï B·∫ª , Ch·∫•t v·∫£i C√° S·∫•u Cotton cao c·∫•p chu·∫©n form ‚Äì MIKASHOP,89.000,ƒê√£ b√°n 124,2022-11-25,https://shopee.vn/%C3%81o-Thun-Polo-Nam-c%E1%BB%95-b%E1%BA%BB-th%C3%AAu-g%E1%BA%A5u-Tedear-v%E1%BA%A3i-C%C3%A1-S%E1%BA%A5u-Cotton-tho%C3%A1ng-m%C3%A1t-H%C3%A0ng-ch%E1%BA%A5t-l%C6%B0%E1%BB%A3ng-cao-i.54213182.15251035945?sp_atk=b7dd310e-1198-458a-871b-afe2fb2b396b&xptdk=b7dd310e-1198-458a-871b-afe2fb2b396b
√Åo Thun Polo Nam c·ªï b·∫ª th√™u g·∫•u Tedear v·∫£i C√° S·∫•u Cotton tho√°ng m√°t - H√†ng ch·∫•t l∆∞·ª£ng cao,89.000,ƒê√£ b√°n 431,2022-11-25,https://shopee.vn/%C3%81o-polo-THOM-nam-n%E1%BB%AF-ch%E1%BA%A5t-li%E1%BB%87u-c%C3%A1-s%E1%BA%A5u-c%E1%BB%95-b%E1%BA%BB-ng%E1%BA%AFn-tay-cao-c%E1%BA%A5p-i.33435563.17526896448?sp_atk=1b98def3-760c-4646-a481-2a87619c6c0a&xptdk=1b98def3-760c-4646-a481-2a87619c6c0a
√Åo polo THOM nam n·ªØ ch·∫•t li·ªáu c√° s·∫•u c·ªï b·∫ª ng·∫Øn tay cao c·∫•p,89.000,ƒê√£ b√°n 9,7k,2022-11-25,https://shopee.vn/%C3%81o-thun-nam-c%C3%B3-c%E1%BB%95-%C3%A1o-polo-nam-%C4%91%E1%BA%B9p-ph%C3%B4ng-tr%C6%A1n-ch%E1%BA%A5t-c%C3%A1-s%E1%BA%A5u-co-gi%C3%A3n-tho%E1%BA%A3i-m%C3%A1i-c%E1%BB%B1c-k%E1%BB%B3-tho%C3%A1ng-m%C3%A1t-i.717160899.14870646225?sp_atk=d2346603-baf8-4e20-aaee-9938e7545088&xptdk=d2346603-baf8-4e20-aaee-9938e7545088
√Åo thun nam c√≥ c·ªï, √°o polo nam ƒë·∫πp ph√¥ng tr∆°n ch·∫•t c√° s·∫•u co gi√£n tho·∫£i m√°i, c·ª±c k·ª≥ tho√°ng m√°t,79.000,ƒê√£ b√°n 147,2022-11-25,https://shopee.vn/%C3%81o-thun-POLO-nam-HOPEMEN-v%E1%BA%A3i-c%C3%A1-s%E1%BA%A5u-Cotton-ch%E1%BB%91ng-nh%C4%83n-tho%C3%A1ng-m%C3%A1t-AP02-i.858623414.19344835095?sp_atk=80e7e957-948a-42cc-a9e3-7ba244968da5&xptdk=80e7e957-948a-42cc-a9e3-7ba244968da5
√Åo thun POLO nam HOPEMEN v·∫£i c√° s·∫•u Cotton, ch·ªëng nhƒÉn, tho√°ng m√°t - AP02,89.000,ƒê√£ b√°n 455,2022-11-25,https://shopee.vn/%C3%81o-Polo-Nam-Cao-C%E1%BA%A5p-%C3%81o-Thun-Polo-Nam-i.274629235.13080473637?sp_atk=65b179ec-2f15-4511-a29d-e590759ed488&xptdk=65b179ec-2f15-4511-a29d-e590759ed488
√Åo Polo Nam Cao C·∫•p, √Åo Thun Polo Nam,90.000,ƒê√£ b√°n 2,2k,2022-11-25,https://shopee.vn/%C3%81o-Polo-2-D%C3%A2y-S%E1%BB%8Dc-D%E1%BB%8Dc-Thi%E1%BA%BFt-K%E1%BA%BF-Tr%E1%BA%BB-Trung-L%E1%BB%8Bch-L%C3%A3m-Sang-Tr%E1%BB%8Dng-i.230993635.20832354696?sp_atk=4a132b76-aec1-4b73-9309-c0ea5e4d781b&xptdk=4a132b76-aec1-4b73-9309-c0ea5e4d781b
√Åo Polo 2 D√¢y S·ªçc D·ªçc Thi·∫øt K·∫ø Tr·∫ª Trung L·ªãch L√£m Sang Tr·ªçng,91.000,ƒê√£ b√°n 87,2022-11-25,https://shopee.vn/%C3%81o-thun-POLO-thi%E1%BA%BFt-k%E1%BA%BF-v%E1%BA%A3i-cotton-c%C3%A1-s%E1%BA%A5u-cao-c%E1%BA%A5p-ng%E1%BA%AFn-tay-c%E1%BB%B1c-l%E1%BB%8Bch-l%C3%A3m-AT20-i.296694982.18339622341?sp_atk=f7b7d1b6-6b8a-4271-85f0-9eb1d5b72690&xptdk=f7b7d1b6-6b8a-4271-85f0-9eb1d5b72690
√Åo thun POLO thi·∫øt k·∫ø v·∫£i cotton c√° s·∫•u cao c·∫•p ng·∫Øn tay c·ª±c l·ªãch l√£m AT20,91.800,ƒê√£ b√°n 1,4k,2022-11-25,https://shopee.vn/%C3%81o-polo-nam-%C4%91e%CC%A3p-%C3%A1o-thun-c%C3%B3-c%E1%BB%95-k%E1%BA%BB-ngang-Hedasy-APL02-i.724321815.16478472997?sp_atk=2b3f300f-f632-410a-a414-325246da71b9&xptdk=2b3f300f-f632-410a-a414-325246da71b9
√Åo polo nam ƒëeÃ£p √°o thun c√≥ c·ªï k·∫ª ngang Hedasy APL02,127.500,ƒê√£ b√°n 571,2022-11-25,https://shopee.vn/%C3%81o-polo-nam-GUNNO-v%E1%BA%A3i-cvc-d%C3%A0y-d%E1%BA%B7n-th%E1%BA%A5m-h%C3%BAt-nhanh-b%E1%BB%81n-m%C3%A0u-kh%C3%B4ng-nh%C4%83n-co-gi%C3%A3n-t%E1%BB%91t-i.807276554.20631100807?sp_atk=2b2c9c9f-5de0-4e29-8635-968bed50de1e&xptdk=2b2c9c9f-5de0-4e29-8635-968bed50de1e
√Åo polo nam GUNNO v·∫£i cvc d√†y d·∫∑n th·∫•m h√∫t nhanh b·ªÅn m√†u kh√¥ng nhƒÉn co gi√£n t·ªët,92.000,ƒê√£ b√°n 300,2022-11-25,https://shopee.vn/%C3%81o-polo-v%E1%BA%A3i-c%C3%A1-s%E1%BA%A5u-cotton-xu%E1%BA%A5t-x%E1%BB%8Bn-chu%E1%BA%A9n-form-cao-c%E1%BA%A5p-m%C3%A3-pha-tay-i.402205323.20827092341?sp_atk=83e44e00-0290-4bf1-a8c0-e29009b4667e&xptdk=83e44e00-0290-4bf1-a8c0-e29009b4667e
√Åo polo v·∫£i c√° s·∫•u cotton xu·∫•t x·ªãn chu·∫©n form cao c·∫•p - m√£ pha tay,119.000,ƒê√£ b√°n 582,2022-11-25,https://shopee.vn/%C3%81o-polo-%C4%91%C3%B4i-Nam-N%E1%BB%AF-Cao-c%E1%BA%A5p-ph%E1%BB%91i-vi%E1%BB%81n.-%C3%81o-polo-v%E1%BA%A3i-cotton-cao-c%E1%BA%A5p-M%C3%A3-08-i.402205323.21644050848?sp_atk=65a76aa0-2d10-4fcd-bd69-4a32455f1d66&xptdk=65a76aa0-2d10-4fcd-bd69-4a32455f1d66
√Åo polo ƒë√¥i Nam, N·ªØ Cao c·∫•p ph·ªëi vi·ªÅn. √Åo polo v·∫£i cotton cao c·∫•p M√£ 08,95.000,ƒê√£ b√°n 95,2022-11-25,https://shopee.vn/%C3%81o-Polo-Nam-NEWITEMS-ATINO-ph%E1%BB%91i-m%C3%A0u-v%E1%BA%A3i-c%C3%A1-s%E1%BA%A5u-Cotton-cao-c%E1%BA%A5p-sang-tr%E1%BB%8Dng-l%E1%BB%8Bch-l%C3%A3m-chu%E1%BA%A9n-form-PL2.3050-i.439115986.15090840640?sp_atk=d27625ea-2413-402c-b5c2-1b6ec3366c46&xptdk=d27625ea-2413-402c-b5c2-1b6ec3366c46
√Åo Polo Nam NEWITEMS ATINO ph·ªëi m√†u v·∫£i c√° s·∫•u Cotton cao c·∫•p sang tr·ªçng l·ªãch l√£m chu·∫©n form PL2.3050,85.000,ƒê√£ b√°n 518,2022-11-25,https://shopee.vn/%C3%81o-polo-ch%E1%BA%A5t-da-c%C3%A1-s%E1%BA%A5u-v%E1%BA%A3i-cotton-cao-c%E1%BA%A5p-sang-tr%E1%BB%8Dng-l%E1%BB%8Bch-l%C3%A3m-form-chu%E1%BA%A9n-m%C3%A3-s%E1%BB%8Dc-ngang-i.402205323.17080617139?sp_atk=95bc1231-8692-45f0-b733-3b739313ed5f&xptdk=95bc1231-8692-45f0-b733-3b739313ed5f
√Åo polo ch·∫•t da c√° s·∫•u v·∫£i cotton cao c·∫•p, sang tr·ªçng l·ªãch l√£m, form chu·∫©n - m√£ s·ªçc ngang,95.000,ƒê√£ b√°n 846,2022-11-25,https://shopee.vn/%C3%81o-polo-nam-GUNNO-v%E1%BA%A3i-cvc-d%C3%A0y-d%E1%BA%B7n-th%E1%BA%A5m-h%C3%BAt-nhanh-b%E1%BB%81n-m%C3%A0u-kh%C3%B4ng-nh%C4%83n-co-gi%C3%A3n-t%E1%BB%91t-nhi%E1%BB%81u-m%C3%A0u-i.807276554.18232953259?sp_atk=027648d5-a71a-469c-bc43-74d18d1ec215&xptdk=027648d5-a71a-469c-bc43-74d18d1ec215
√Åo polo nam GUNNO v·∫£i cvc d√†y d·∫∑n th·∫•m h√∫t nhanh b·ªÅn m√†u kh√¥ng nhƒÉn co gi√£n t·ªët nhi·ªÅu m√†u,95.000,ƒê√£ b√°n 260,2022-11-25,https://shopee.vn/%C3%81o-polo-%C4%91%C3%B4i-Nam-N%E1%BB%AF-Cao-c%E1%BA%A5p-ph%E1%BB%91i-m%C3%A0u-k%E1%BA%BB-tay.-%C3%81o-polo-v%E1%BA%A3i-cotton-cao-c%E1%BA%A5p-M%C3%A3-09-i.402205323.18544053855?sp_atk=a8db8640-6ff1-4a67-89ac-a482537c002d&xptdk=a8db8640-6ff1-4a67-89ac-a482537c002d
√Åo polo ƒë√¥i Nam, N·ªØ Cao c·∫•p ph·ªëi m√†u k·∫ª tay. √Åo polo v·∫£i cotton cao c·∫•p M√£ 09,95.000,ƒê√£ b√°n 109,2022-11-25,https://shopee.vn/%C3%81o-Polo-nam-v%E1%BA%A3i-Cotton-cao-c%E1%BA%A5p-d%C3%A0y-d%E1%BA%B7n-co-gi%C3%A3n-4-chi%E1%BB%81u-chu%E1%BA%A9n-form-thun-%C3%A1o-pull-c%E1%BB%95-b%E1%BA%BB-tay-ng%E1%BA%AFn-m%C3%A0u-xanh-than-i.323698226.12917750331?sp_atk=b4f63bab-6f64-458f-a544-1ac2708d4757&xptdk=b4f63bab-6f64-458f-a544-1ac2708d4757
√Åo Polo nam v·∫£i Cotton cao c·∫•p d√†y d·∫∑n co gi√£n 4 chi·ªÅu chu·∫©n form thun, √°o pull c·ªï b·∫ª tay ng·∫Øn m√†u xanh than,95.000,ƒê√£ b√°n 10,2022-11-25,https://shopee.vn/%C3%81o-polo-nam-GUNNO-v%E1%BA%A3i-cvc-d%C3%A0y-d%E1%BA%B7n-th%E1%BA%A5m-h%C3%BAt-nhanh-b%E1%BB%81n-m%C3%A0u-kh%C3%B4ng-nh%C4%83n-co-gi%C3%A3n-t%E1%BB%91t-logo-th%C3%AAu-i.807276554.20143433472?sp_atk=e27bacfd-99c5-4721-bf28-9c93f1ef148b&xptdk=e27bacfd-99c5-4721-bf28-9c93f1ef148b
√Åo polo nam GUNNO v·∫£i cvc d√†y d·∫∑n th·∫•m h√∫t nhanh b·ªÅn m√†u kh√¥ng nhƒÉn co gi√£n t·ªët logo th√™u,85.000,ƒê√£ b√°n 16,2022-11-25,https://shopee.vn/%C3%81o-polo-nam-x%C3%A1m-cotton-ng%E1%BA%AFn-tay-cao-c%E1%BA%A5p-co-gi%C3%A3n-4-chi%E1%BB%81u-%C4%91%E1%BA%B9p-h%E1%BB%8Da-ti%E1%BA%BFt-th%C3%AAu-NL3E-i.117403181.20104090626?sp_atk=14e3d589-4fb2-43ee-831e-c9178bcd7668&xptdk=14e3d589-4fb2-43ee-831e-c9178bcd7668
√Åo polo nam x√°m cotton ng·∫Øn tay cao c·∫•p co gi√£n 4 chi·ªÅu ƒë·∫πp h·ªça ti·∫øt th√™u NL3E,95.000,ƒê√£ b√°n 224,2022-11-25,https://shopee.vn/%C3%81o-polo-nam-%C4%91en-cotton-ng%E1%BA%AFn-tay-cao-c%E1%BA%A5p-co-gi%C3%A3n-4-chi%E1%BB%81u-%C4%91%E1%BA%B9p-h%E1%BB%8Da-ti%E1%BA%BFt-th%C3%AAu-NLTEDY-i.117403181.19504093578?sp_atk=cd4545f3-6675-4065-9088-0a31bd32dd75&xptdk=cd4545f3-6675-4065-9088-0a31bd32dd75
√Åo polo nam ƒëen cotton ng·∫Øn tay cao c·∫•p co gi√£n 4 chi·ªÅu ƒë·∫πp h·ªça ti·∫øt th√™u NLTEDY,95.000,ƒê√£ b√°n 191,2022-11-25,https://shopee.vn/-Gi%E1%BA%A3m-gi%C3%A1-50-%C3%81o-thun-nam-POLO-thi%E1%BA%BFt-k%E1%BA%BF-v%E1%BA%A3i-c%C3%A1-s%E1%BA%A5u-cotton-cao-c%E1%BA%A5p-ng%E1%BA%AFn-tay-c%E1%BB%B1c-sang-tr%E1%BB%8Dng-v%C3%A0-l%E1%BB%8Bch-l%C3%A3m-i.296694982.6887258247?sp_atk=a5d3ade3-a19c-408c-8102-f6b933e1943d&xptdk=a5d3ade3-a19c-408c-8102-f6b933e1943d
[Gi·∫£m gi√° 50%] - √Åo thun nam POLO thi·∫øt k·∫ø v·∫£i c√° s·∫•u cotton cao c·∫•p ng·∫Øn tay c·ª±c sang tr·ªçng v√† l·ªãch l√£m,95.000,ƒê√£ b√°n 59,5k,2022-11-25,https://shopee.vn/%C3%81o-Thun-Nam-C%C3%B3-C%E1%BB%95-Ng%E1%BA%AFn-Tay-PK02-Th%E1%BB%9Di-Trang-Top-Fashion-Shop-Ch%E1%BA%A5t-Li%E1%BB%87u-Thun-Co-D%C3%A3n-C%E1%BB%B1c-T%E1%BB%91t-i.132094680.3454282178?sp_atk=3677c085-d595-4d3c-9b44-cc0dd439e176&xptdk=3677c085-d595-4d3c-9b44-cc0dd439e176
√Åo Thun Nam C√≥ C·ªï Ng·∫Øn Tay PK02 Th·ªùi Trang Top Fashion Shop Ch·∫•t Li·ªáu Thun Co D√£n C·ª±c T·ªët,99.000,ƒê√£ b√°n 21,2022-11-25,https://shopee.vn/%C3%81o-polo-thi%E1%BA%BFt-k%E1%BA%BF-v%E1%BA%A3i-c%C3%A1-s%E1%BA%A5u-cotton-cao-c%E1%BA%A5p-chu%E1%BA%A9n-form-l%E1%BB%8Bch-l%C3%A3m-sang-tr%E1%BB%8Dng-AT3T9A-i.296694982.18262871672?sp_atk=5c996898-b561-4ba9-947c-76aacbf9a6b5&xptdk=5c996898-b561-4ba9-947c-76aacbf9a6b5
√Åo polo thi·∫øt k·∫ø v·∫£i c√° s·∫•u cotton cao c·∫•p chu·∫©n form l·ªãch l√£m sang tr·ªçng AT3T9A,99.000,ƒê√£ b√°n 28,2022-11-25,https://shopee.vn/%C3%81o-polo-nam-c%E1%BB%95-vest-ch%E1%BA%A5t-cotton-cao-c%E1%BA%A5p-co-gi%C3%A3n-4-chi%E1%BB%81u-ch%E1%BB%91ng-nh%C4%83n-tr%E1%BA%BB-trung-HIDDLE-H02-T05-i.275570035.9951701940?sp_atk=0e4f6f54-5723-4256-8774-9a0e3efb221b&xptdk=0e4f6f54-5723-4256-8774-9a0e3efb221b
√Åo polo nam c·ªï vest ch·∫•t cotton cao c·∫•p co gi√£n 4 chi·ªÅu, ch·ªëng nhƒÉn, tr·∫ª trung HIDDLE | H02-T05,92.000,ƒê√£ b√°n 103,2022-11-25,https://shopee.vn/%C3%81o-polo-nam-cao-c%E1%BA%A5p-v%E1%BA%A3i-cotton-c%C3%A1-s%E1%BA%A5u-tho%C3%A1ng-m%C3%A1t-2-s%E1%BB%8Dc-c%E1%BB%95-tr%E1%BA%BB-trung-HIDDLE-H04-T1-i.275570035.8277089654?sp_atk=d1181f51-8e03-4275-9c1c-ed31b29fc767&xptdk=d1181f51-8e03-4275-9c1c-ed31b29fc767
√Åo polo nam cao c·∫•p v·∫£i cotton c√° s·∫•u tho√°ng m√°t 2 s·ªçc c·ªï tr·∫ª trung HIDDLE | H04-T1,99.000,ƒê√£ b√°n 80,2022-11-25,https://shopee.vn/%C3%81o-thun-nam-POLO-tr%C6%A1n-v%E1%BA%A3i-c%C3%A1-s%E1%BA%A5u-cotton-cao-c%E1%BA%A5p-ng%E1%BA%AFn-tay-c%E1%BB%B1c-sang-tr%E1%BB%8Dng-i.296694982.3448103572?sp_atk=49bff82b-d701-41f6-ac6a-f5c721221bec&xptdk=49bff82b-d701-41f6-ac6a-f5c721221bec
√Åo thun nam POLO tr∆°n v·∫£i c√° s·∫•u cotton cao c·∫•p ng·∫Øn tay c·ª±c sang tr·ªçng,99.000,ƒê√£ b√°n 189,9k,2022-11-25,https://shopee.vn/%C3%81o-Polo-Nam-Horus-White-Ch%E1%BA%A5t-Li%E1%BB%87u-Cao-C%E1%BA%A5p-M%C3%A1t-M%E1%BA%BB-M%E1%BB%81m-M%E1%BB%8Bn-Phong-C%C3%A1ch-Tr%E1%BA%BB-Trung-REVVOUR-i.123144878.16462630542?sp_atk=4b0ea3de-a77c-404c-80a9-8f6adbffa99d&xptdk=4b0ea3de-a77c-404c-80a9-8f6adbffa99d
√Åo Polo Nam Horus White Ch·∫•t Li·ªáu Cao C·∫•p M√°t M·∫ª, M·ªÅm, M·ªãn,Phong C√°ch Tr·∫ª Trung - REVVOUR,129.000,ƒê√£ b√°n 272,2022-11-25,https://shopee.vn/%C3%81o-Polo-Nam-ELEGANCE-ATINO-ch%E1%BB%AF-n%E1%BB%95i-tinh-t%E1%BA%BF-v%E1%BA%A3i-c%C3%A1-s%E1%BA%A5u-Cotton-cao-c%E1%BA%A5p-tho%C3%A1ng-m%C3%A1t-chu%E1%BA%A9n-form-PL2.3000-i.439115986.11412583502?sp_atk=94d112ef-18c2-498d-adac-2be16ce1c62e&xptdk=94d112ef-18c2-498d-adac-2be16ce1c62e
√Åo Polo Nam ELEGANCE ATINO ch·ªØ n·ªïi tinh t·∫ø v·∫£i c√° s·∫•u Cotton cao c·∫•p tho√°ng m√°t chu·∫©n form PL2.3000,99.000,ƒê√£ b√°n 5k,2022-11-25,https://shopee.vn/-HOT-%C3%81o-polo-%C3%A1o-polo-nam-%C3%A1o-polo-nam-h%C3%A0n-qu%E1%BB%91c-d%C3%A1ng-slim-%C4%91%E1%BA%B9p-t%C3%B4n-d%C3%A1ng-ng%C6%B0%E1%BB%9Di-m%E1%BA%B7c-ch%E1%BA%A5t-v%E1%BA%A3i-tho%C3%A1ng-m%C3%A1t-m%E1%BA%B7c-l%C3%A0-th%C3%ADch-i.319670356.18318068216?sp_atk=87649741-464a-4a84-8c13-5b6000cc6443&xptdk=87649741-464a-4a84-8c13-5b6000cc6443
[HOT] √Åo polo, √°o polo nam, √°o polo nam h√†n qu·ªëc, d√°ng slim ƒë·∫πp t√¥n d√°ng ng∆∞·ªùi m·∫∑c, ch·∫•t v·∫£i tho√°ng m√°t m·∫∑c l√† th√≠ch,99.000,ƒê√£ b√°n 231,2022-11-25,https://shopee.vn/(H%C3%A0ng-M%E1%BB%9Bi-V%E1%BB%81)-%C3%81o-POLO-C%E1%BB%95-B%E1%BA%BB-Ph%E1%BB%91i-3-S%E1%BB%8Dc-H%E1%BB%8Da-Ti%E1%BA%BFt-LV-Cotton-Tho%C3%A1ng-Kh%C3%AD-Si%C3%AAu-Hot-M%C3%A3-GAREMSTORE-i.172103551.18400908581?sp_atk=f0db582d-4fc6-48b0-b91b-0d1b8e62055f&xptdk=f0db582d-4fc6-48b0-b91b-0d1b8e62055f
(H√†ng M·ªõi V·ªÅ) √Åo POLO C·ªï B·∫ª Ph·ªëi 3 S·ªçc H·ªça Ti·∫øt LV Cotton Tho√°ng Kh√≠ Si√™u Hot M√£ GAREMSTORE,82.000,ƒê√£ b√°n 26,2022-11-25,https://shopee.vn/%C3%81o-Polo-Nam-ph%E1%BB%91i-vai-BEIGE-ATINO-thanh-l%E1%BB%8Bch-tr%E1%BA%BB-trung-v%E1%BA%A3i-c%C3%A1-s%E1%BA%A5u-Cotton-cao-c%E1%BA%A5p-chu%E1%BA%A9n-form-PL2.3058-i.439115986.20531538918?sp_atk=3a0a6786-d8a2-484e-8df3-371c61218121&xptdk=3a0a6786-d8a2-484e-8df3-371c61218121
√Åo Polo Nam ph·ªëi vai BEIGE ATINO thanh l·ªãch tr·∫ª trung v·∫£i c√° s·∫•u Cotton cao c·∫•p chu·∫©n form PL2.3058,99.000,ƒê√£ b√°n 385,2022-11-25,https://shopee.vn/%C3%81o-PoLo-unisex-form-r%E1%BB%99ng-phong-c%C3%A1ch-H%C3%A0n-Qu%E1%BB%91c-c%E1%BB%95-b%E1%BA%BB%F0%9D%91%BB%F0%9D%92%89%F0%9D%92%86%CC%82%F0%9D%92%96-%F0%9D%92%84%F0%9D%92%89%F0%9D%92%96%CC%9B%CC%83-%F0%9D%91%A8%F0%9D%91%AC%E2%9A%A1%C3%81o-P%C3%B4-L%C3%B4-Unisex-th%C3%AAu-ch%E1%BB%AF-i.457800786.11095812584?sp_atk=7eb12749-eb3d-47ce-8cb3-4965de354075&xptdk=7eb12749-eb3d-47ce-8cb3-4965de354075
√Åo PoLo unisex form r·ªông phong c√°ch H√†n Qu·ªëc c·ªï b·∫ªùëªùíâùíÜÃÇùíñ ùíÑùíâùíñÃõÃÉ ùë®ùë¨‚ö°√Åo P√¥ L√¥ Unisex th√™u ch·ªØ,260.000,ƒê√£ b√°n 64,2022-11-25,https://shopee.vn/%C3%81o-polo-%C3%A1o-polo-nam-ki%E1%BB%83u-d%C3%A1ng-tr%E1%BA%BB-trung-%C4%91%E1%BA%B9p-d%E1%BB%85-ph%E1%BB%91i-%C4%91%E1%BB%93-ch%E1%BA%A5t-v%E1%BA%A3i-lascote-m%E1%BB%81m-m%E1%BB%8Bn-tho%C3%A1ng-m%C3%A1t-i.319652569.9155950434?sp_atk=01cc30d4-da20-4713-9e7d-52d89225da22&xptdk=01cc30d4-da20-4713-9e7d-52d89225da22
√Åo polo, √°o polo nam, ki·ªÉu d√°ng tr·∫ª trung, ƒë·∫πp, d·ªÖ ph·ªëi ƒë·ªì, ch·∫•t v·∫£i lascote m·ªÅm m·ªãn, tho√°ng m√°t,85.000,ƒê√£ b√°n 67,2022-11-25,https://shopee.vn/%C3%81o-polo-nam-thun-nam-c%C3%B3-c%E1%BB%95-c%E1%BB%99c-tay-N77-FASHION-ch%E1%BA%A5t-v%E1%BA%A3i-con-co-d%C3%A3n-4-chi%E1%BB%81u-th%E1%BA%A5m-h%C3%BAt-m%E1%BB%93-h%C3%B4i-m%E1%BA%ABu-m%E1%BB%9Bi-nh%E1%BA%A5t-cao-c%E1%BA%A5p-i.144211183.10251144887?sp_atk=f6d8a182-e8cb-427a-ac7b-757f333bf24c&xptdk=f6d8a182-e8cb-427a-ac7b-757f333bf24c
√Åo polo nam,thun nam c√≥ c·ªï c·ªôc tay N77 FASHION ch·∫•t v·∫£i con co d√£n 4 chi·ªÅu th·∫•m h√∫t m·ªì h√¥i m·∫´u m·ªõi nh·∫•t cao c·∫•p,99.000,ƒê√£ b√°n 174,2022-11-25,https://shopee.vn/%C3%81o-Thun-Polo-Nam-N%E1%BB%AF-Th%C3%AAu-T%C3%AAn-%C3%81o-Polo-S%E1%BB%A3i-Rayon-D%C3%A0y-%C3%81o-%C4%90%E1%BB%A9ng-Phom-Co-Gi%C3%A3n-Nh%E1%BA%B9-i.226707250.18063878238?sp_atk=a4c48e85-3303-46f2-9d3b-5529c313ae16&xptdk=a4c48e85-3303-46f2-9d3b-5529c313ae16
√Åo Thun Polo Nam N·ªØ Th√™u T√™n, √Åo Polo S·ª£i Rayon D√†y √Åo, ƒê·ª©ng Phom, Co Gi√£n Nh·∫π,99.000,ƒê√£ b√°n 960,2022-11-25,https://shopee.vn/%C3%81O-POLO-NAM-N%E1%BB%AE-TH%C3%8AU-THEO-Y%C3%8AU-C%E1%BA%A6U-%C3%81O-POLO-PH%E1%BB%90I-M%C3%80U-%C4%90%E1%BB%98C-%C4%90%E1%BA%B8P-i.226707250.18363875863?sp_atk=571b1d6d-bb8a-4e3f-9d47-e5a5e06871ed&xptdk=571b1d6d-bb8a-4e3f-9d47-e5a5e06871ed
√ÅO POLO NAM N·ªÆ TH√äU THEO Y√äU C·∫¶U, √ÅO POLO PH·ªêI M√ÄU ƒê·ªòC ƒê·∫∏P,95.000,ƒê√£ b√°n 68,2022-11-25,https://shopee.vn/%C3%81o-Polo-nam-c%E1%BB%95-b%E1%BA%BB-RENZO-v%E1%BA%A3i-c%C3%A1-s%E1%BA%A5u-cotton-CMC-nam-t%C3%ADnh-thanh-l%E1%BB%8Bch-sang-tr%E1%BB%8Dng-POLOMANOR-i.225909574.16780034828?sp_atk=4025315f-a39a-445e-bf9c-c8d81106bd53&xptdk=4025315f-a39a-445e-bf9c-c8d81106bd53
√Åo Polo nam c·ªï b·∫ª RENZO v·∫£i c√° s·∫•u cotton CMC, nam t√≠nh, thanh l·ªãch, sang tr·ªçng - POLOMANOR,92.000,ƒê√£ b√°n 7,7k,2022-11-25,https://shopee.vn/%C3%81o-Polo-nam-c%C3%B3-c%E1%BB%95-ROWAN-v%E1%BA%A3i-c%C3%A1-s%E1%BA%A5u-cotton-CMC-nam-t%C3%ADnh-ch%E1%BB%89n-chu-sang-tr%E1%BB%8Dng-POLOMANOR-i.225909574.21560266573?sp_atk=814d6e8c-9f5f-4d6e-9f71-3e03f9c12e2d&xptdk=814d6e8c-9f5f-4d6e-9f71-3e03f9c12e2d
